{"cameraMode":{"drawMode":0,"name":"Shaded","section":"Shading Mode"},"sceneLighting":true,"audioPlay":false,"sceneViewState":{"showFog":true,"showMaterialUpdate":false,"showSkybox":true,"showFlares":true,"showImageEffects":true,"showParticleSystems":true},"in2DMode":false,"pivot":{"x":1.0799620151519776,"y":-0.8372881412506104,"z":3.5531134605407717},"rotation":{"x":-0.19534705579280854,"y":-0.20912393927574159,"z":0.0426870658993721,"w":-0.957248866558075},"size":3.8104283809661867,"orthographic":false}